device_id,device_type,os,ip_address
1,Mobile,iOS,192.168.80.172
2,Tablet,Windows,192.168.62.178
3,Web,iOS,192.168.230.67
4,Mobile,Linux,192.168.91.160
5,Tablet,Windows,192.168.114.98
6,Tablet,iOS,192.168.49.43
7,Mobile,Android,192.168.224.82
8,Web,Linux,192.168.147.32
9,Web,Windows,192.168.143.144
10,Web,Linux,192.168.172.220
11,Web,Linux,192.168.217.145
12,Mobile,Linux,192.168.30.240
13,Web,Linux,192.168.9.225
14,Tablet,Linux,192.168.171.41
15,Mobile,iOS,192.168.120.144
16,Mobile,iOS,192.168.197.33
17,Tablet,Android,192.168.202.43
18,Mobile,Android,192.168.131.235
19,Tablet,iOS,192.168.19.180
20,Web,iOS,192.168.160.214
21,Tablet,iOS,192.168.16.85
22,Tablet,iOS,192.168.211.133
23,Web,Linux,192.168.2.182
24,Tablet,Android,192.168.221.70
25,Mobile,Linux,192.168.57.9
26,Tablet,Windows,192.168.78.64
27,Mobile,iOS,192.168.205.136
28,Web,Windows,192.168.128.53
29,Web,Windows,192.168.128.173
30,Web,iOS,192.168.161.99
31,Mobile,Windows,192.168.98.217
32,Tablet,iOS,192.168.119.246
33,Web,Linux,192.168.38.16
34,Tablet,Android,192.168.176.226
35,Web,Linux,192.168.211.245
36,Web,Windows,192.168.59.195
37,Web,Windows,192.168.41.20
38,Tablet,Windows,192.168.131.58
39,Tablet,Linux,192.168.162.138
40,Web,Windows,192.168.140.205
41,Tablet,iOS,192.168.191.146
42,Tablet,Android,192.168.142.83
43,Tablet,Android,192.168.111.4
44,Mobile,iOS,192.168.190.141
45,Tablet,Android,192.168.37.108
46,Web,Android,192.168.201.53
47,Tablet,Android,192.168.125.185
48,Mobile,Windows,192.168.185.72
49,Tablet,Linux,192.168.30.57
50,Web,iOS,192.168.43.47
51,Mobile,iOS,192.168.175.229
52,Mobile,Linux,192.168.171.16
53,Web,Linux,192.168.26.138
54,Web,Windows,192.168.27.68
55,Web,Android,192.168.9.94
56,Tablet,Android,192.168.195.167
57,Tablet,Android,192.168.123.92
58,Web,iOS,192.168.242.222
59,Web,iOS,192.168.60.75
60,Web,iOS,192.168.23.195
61,Tablet,Windows,192.168.239.172
62,Web,Linux,192.168.16.27
63,Mobile,Linux,192.168.214.137
64,Mobile,iOS,192.168.125.23
65,Tablet,Linux,192.168.115.62
66,Mobile,Linux,192.168.126.183
67,Web,Android,192.168.220.164
68,Mobile,Linux,192.168.184.32
69,Mobile,Windows,192.168.117.253
70,Tablet,Windows,192.168.15.50
71,Web,iOS,192.168.82.199
72,Web,Linux,192.168.45.120
73,Tablet,Windows,192.168.187.214
74,Mobile,Linux,192.168.195.174
75,Tablet,Windows,192.168.253.194
76,Web,iOS,192.168.177.225
77,Tablet,Android,192.168.130.167
78,Web,Windows,192.168.176.142
79,Mobile,iOS,192.168.105.50
80,Mobile,Android,192.168.75.32
81,Tablet,iOS,192.168.151.217
82,Tablet,Linux,192.168.228.16
83,Tablet,iOS,192.168.88.211
84,Mobile,Windows,192.168.142.250
85,Mobile,Android,192.168.197.156
86,Mobile,Windows,192.168.123.41
87,Web,iOS,192.168.166.249
88,Mobile,iOS,192.168.47.64
89,Web,Windows,192.168.191.178
90,Mobile,iOS,192.168.212.166
91,Web,iOS,192.168.250.194
92,Web,iOS,192.168.165.157
93,Tablet,iOS,192.168.24.167
94,Web,Windows,192.168.78.252
95,Tablet,iOS,192.168.71.217
96,Mobile,Android,192.168.7.122
97,Web,Linux,192.168.208.21
98,Tablet,Android,192.168.32.37
99,Mobile,Linux,192.168.119.146
100,Web,Linux,192.168.67.116
101,Web,Windows,192.168.87.173
102,Tablet,Linux,192.168.19.243
103,Tablet,iOS,192.168.201.72
104,Web,Linux,192.168.30.92
105,Tablet,iOS,192.168.89.116
106,Tablet,Windows,192.168.222.108
107,Mobile,Linux,192.168.26.27
108,Tablet,Windows,192.168.65.67
109,Tablet,Android,192.168.122.192
110,Tablet,Windows,192.168.102.129
111,Tablet,Linux,192.168.152.10
112,Tablet,iOS,192.168.137.191
113,Tablet,Windows,192.168.77.111
114,Web,iOS,192.168.94.187
115,Tablet,iOS,192.168.0.47
116,Web,iOS,192.168.22.19
117,Tablet,iOS,192.168.161.212
118,Web,iOS,192.168.0.179
119,Mobile,Linux,192.168.59.36
120,Mobile,iOS,192.168.43.114
121,Tablet,Linux,192.168.234.104
122,Mobile,Android,192.168.246.98
123,Tablet,iOS,192.168.168.9
124,Web,Android,192.168.22.206
125,Mobile,Linux,192.168.254.26
126,Mobile,Android,192.168.58.148
127,Tablet,Windows,192.168.154.75
128,Web,iOS,192.168.189.200
129,Web,iOS,192.168.40.229
130,Tablet,iOS,192.168.14.240
131,Web,Windows,192.168.47.247
132,Tablet,Windows,192.168.42.215
133,Web,Android,192.168.23.76
134,Tablet,iOS,192.168.5.10
135,Web,Linux,192.168.223.245
136,Web,Android,192.168.246.180
137,Tablet,iOS,192.168.122.30
138,Mobile,iOS,192.168.181.196
139,Web,Android,192.168.239.244
140,Web,Linux,192.168.105.113
141,Web,Android,192.168.98.83
142,Mobile,Android,192.168.68.7
143,Mobile,iOS,192.168.7.115
144,Tablet,iOS,192.168.36.2
145,Mobile,iOS,192.168.87.181
146,Mobile,Windows,192.168.30.230
147,Tablet,iOS,192.168.244.40
148,Tablet,iOS,192.168.156.190
149,Mobile,Android,192.168.185.121
150,Tablet,Android,192.168.251.254
151,Web,Windows,192.168.151.34
152,Mobile,Windows,192.168.29.98
153,Mobile,Windows,192.168.167.51
154,Tablet,iOS,192.168.69.12
155,Web,iOS,192.168.166.31
156,Tablet,Linux,192.168.53.156
157,Tablet,Windows,192.168.199.109
158,Mobile,Windows,192.168.125.229
159,Tablet,Android,192.168.152.42
160,Web,Windows,192.168.240.14
161,Mobile,Android,192.168.129.234
162,Mobile,Linux,192.168.57.184
163,Tablet,Linux,192.168.111.114
164,Mobile,iOS,192.168.175.8
165,Mobile,Linux,192.168.3.202
166,Mobile,Windows,192.168.167.86
167,Mobile,Linux,192.168.134.4
168,Mobile,Windows,192.168.240.109
169,Web,iOS,192.168.170.241
170,Web,Linux,192.168.101.56
171,Web,iOS,192.168.180.176
172,Tablet,iOS,192.168.16.27
173,Mobile,Android,192.168.140.210
174,Web,iOS,192.168.231.159
175,Tablet,Android,192.168.146.235
176,Tablet,Linux,192.168.127.1
177,Tablet,Linux,192.168.161.35
178,Web,Windows,192.168.4.139
179,Tablet,Linux,192.168.182.197
180,Mobile,iOS,192.168.113.158
181,Tablet,Android,192.168.184.203
182,Web,Windows,192.168.16.82
183,Mobile,Linux,192.168.32.7
184,Tablet,Linux,192.168.3.211
185,Mobile,Android,192.168.153.145
186,Mobile,Android,192.168.19.132
187,Tablet,Windows,192.168.222.101
188,Tablet,Windows,192.168.215.204
189,Mobile,Android,192.168.15.172
190,Web,Linux,192.168.55.116
191,Web,Linux,192.168.129.96
192,Web,iOS,192.168.147.24
193,Mobile,Android,192.168.113.237
194,Web,Linux,192.168.186.41
195,Web,Android,192.168.17.214
196,Web,Linux,192.168.52.217
197,Tablet,Android,192.168.8.167
198,Web,iOS,192.168.196.0
199,Web,Android,192.168.212.42
200,Tablet,Android,192.168.180.249
201,Tablet,Linux,192.168.35.24
202,Web,Windows,192.168.74.85
203,Mobile,Windows,192.168.149.127
204,Web,iOS,192.168.201.120
205,Web,iOS,192.168.168.26
206,Mobile,Linux,192.168.66.67
207,Tablet,iOS,192.168.182.148
208,Tablet,iOS,192.168.171.92
209,Mobile,Windows,192.168.166.162
210,Web,Windows,192.168.101.245
211,Web,Windows,192.168.17.33
212,Tablet,Linux,192.168.58.81
213,Mobile,Linux,192.168.19.109
214,Mobile,Android,192.168.72.132
215,Mobile,iOS,192.168.32.11
216,Mobile,iOS,192.168.209.236
217,Tablet,Windows,192.168.59.85
218,Mobile,iOS,192.168.4.220
219,Mobile,Android,192.168.161.40
220,Web,Linux,192.168.177.75
221,Mobile,Windows,192.168.1.123
222,Tablet,Windows,192.168.1.154
223,Tablet,iOS,192.168.161.178
224,Mobile,Linux,192.168.17.209
225,Web,Android,192.168.157.74
226,Tablet,Windows,192.168.241.84
227,Web,Windows,192.168.199.167
228,Mobile,Windows,192.168.252.34
229,Web,Linux,192.168.136.78
230,Tablet,iOS,192.168.121.65
231,Tablet,Linux,192.168.178.200
232,Mobile,Linux,192.168.246.37
233,Tablet,Android,192.168.31.101
234,Mobile,Windows,192.168.132.250
235,Tablet,iOS,192.168.167.59
236,Tablet,iOS,192.168.115.94
237,Web,Android,192.168.15.70
238,Tablet,Android,192.168.190.20
239,Web,Windows,192.168.225.2
240,Mobile,iOS,192.168.137.72
241,Web,Linux,192.168.75.247
242,Tablet,Android,192.168.134.73
243,Tablet,Windows,192.168.149.51
244,Mobile,Linux,192.168.15.34
245,Tablet,Android,192.168.95.154
246,Mobile,Android,192.168.54.236
247,Mobile,Linux,192.168.168.72
248,Web,iOS,192.168.166.145
249,Mobile,Android,192.168.214.124
250,Mobile,Linux,192.168.179.112
251,Tablet,Linux,192.168.46.14
252,Mobile,Linux,192.168.151.211
253,Mobile,iOS,192.168.48.88
254,Tablet,iOS,192.168.214.249
255,Web,Linux,192.168.27.64
256,Mobile,Android,192.168.179.145
257,Tablet,Windows,192.168.195.241
258,Web,iOS,192.168.216.209
259,Tablet,iOS,192.168.159.206
260,Tablet,iOS,192.168.126.250
261,Tablet,Windows,192.168.227.227
262,Tablet,Windows,192.168.139.170
263,Mobile,iOS,192.168.39.69
264,Web,Linux,192.168.94.18
265,Tablet,Android,192.168.151.36
266,Tablet,Android,192.168.181.116
267,Web,Windows,192.168.199.174
268,Mobile,Windows,192.168.13.34
269,Tablet,iOS,192.168.107.247
270,Web,Linux,192.168.238.202
271,Mobile,Linux,192.168.38.21
272,Mobile,Android,192.168.27.239
273,Mobile,Linux,192.168.42.56
274,Tablet,Windows,192.168.141.16
275,Mobile,Windows,192.168.100.66
276,Tablet,Linux,192.168.21.188
277,Web,Linux,192.168.105.211
278,Web,Android,192.168.211.104
279,Web,iOS,192.168.28.172
280,Mobile,Windows,192.168.109.135
281,Web,Linux,192.168.227.156
282,Tablet,iOS,192.168.180.248
283,Web,iOS,192.168.72.128
284,Tablet,Linux,192.168.254.72
285,Tablet,Linux,192.168.96.83
286,Tablet,Android,192.168.170.79
287,Tablet,Linux,192.168.158.11
288,Mobile,Windows,192.168.229.200
289,Web,Windows,192.168.167.197
290,Web,Android,192.168.42.45
291,Mobile,Windows,192.168.118.232
292,Mobile,Linux,192.168.138.80
293,Web,Linux,192.168.20.85
294,Tablet,iOS,192.168.120.12
295,Mobile,Android,192.168.36.232
296,Tablet,Windows,192.168.37.78
297,Mobile,iOS,192.168.129.142
298,Mobile,Android,192.168.172.227
299,Web,Android,192.168.84.96
300,Tablet,Linux,192.168.94.139
301,Tablet,iOS,192.168.200.224
302,Mobile,Linux,192.168.204.218
303,Mobile,Linux,192.168.219.221
304,Web,Android,192.168.64.203
305,Mobile,iOS,192.168.137.241
306,Mobile,Android,192.168.72.74
307,Tablet,Android,192.168.120.179
308,Mobile,Linux,192.168.54.126
309,Web,Linux,192.168.101.234
310,Tablet,Linux,192.168.58.91
311,Mobile,Windows,192.168.163.172
312,Mobile,iOS,192.168.69.72
313,Web,iOS,192.168.62.246
314,Tablet,Linux,192.168.248.202
315,Mobile,Linux,192.168.32.218
316,Web,Windows,192.168.230.115
317,Tablet,Linux,192.168.187.111
318,Web,Android,192.168.74.38
319,Tablet,Linux,192.168.179.189
320,Web,Windows,192.168.235.207
321,Web,Windows,192.168.222.22
322,Mobile,Windows,192.168.72.25
323,Web,Linux,192.168.103.63
324,Web,iOS,192.168.26.96
325,Mobile,Android,192.168.243.252
326,Tablet,Linux,192.168.188.101
327,Web,Windows,192.168.84.67
328,Tablet,Android,192.168.190.212
329,Web,iOS,192.168.145.111
330,Web,Linux,192.168.54.45
331,Web,Android,192.168.213.73
332,Mobile,Linux,192.168.220.172
333,Tablet,Linux,192.168.172.201
334,Web,Windows,192.168.143.138
335,Web,Linux,192.168.41.144
336,Tablet,iOS,192.168.138.101
337,Web,Android,192.168.251.108
338,Tablet,Android,192.168.102.67
339,Mobile,iOS,192.168.168.166
340,Tablet,Windows,192.168.240.25
341,Tablet,Windows,192.168.1.178
342,Web,Android,192.168.139.160
343,Mobile,Linux,192.168.6.59
344,Mobile,Windows,192.168.135.215
345,Tablet,Android,192.168.25.223
346,Web,Windows,192.168.174.84
347,Web,Linux,192.168.29.15
348,Mobile,Android,192.168.149.236
349,Mobile,iOS,192.168.97.150
350,Mobile,Linux,192.168.143.219
351,Mobile,Linux,192.168.54.176
352,Web,iOS,192.168.247.16
353,Mobile,Linux,192.168.155.133
354,Tablet,Windows,192.168.38.212
355,Web,iOS,192.168.164.148
356,Web,Windows,192.168.30.220
357,Mobile,Android,192.168.144.143
358,Mobile,Linux,192.168.241.236
359,Tablet,Android,192.168.104.20
360,Tablet,Windows,192.168.132.182
361,Mobile,iOS,192.168.146.36
362,Web,iOS,192.168.214.109
363,Tablet,Windows,192.168.224.112
364,Web,Windows,192.168.245.195
365,Tablet,Linux,192.168.169.56
366,Web,iOS,192.168.227.135
367,Tablet,Linux,192.168.4.201
368,Tablet,Android,192.168.137.242
369,Tablet,Linux,192.168.105.92
370,Tablet,Linux,192.168.189.139
371,Mobile,Linux,192.168.123.215
372,Tablet,Windows,192.168.237.143
373,Mobile,Linux,192.168.26.240
374,Tablet,Android,192.168.190.24
375,Tablet,Linux,192.168.196.20
376,Tablet,Linux,192.168.145.221
377,Tablet,iOS,192.168.110.207
378,Web,Linux,192.168.186.243
379,Web,Linux,192.168.113.158
380,Web,Windows,192.168.15.209
381,Mobile,iOS,192.168.51.151
382,Mobile,Linux,192.168.134.140
383,Mobile,iOS,192.168.252.219
384,Mobile,Windows,192.168.78.46
385,Web,Linux,192.168.37.106
386,Tablet,Windows,192.168.0.40
387,Mobile,Windows,192.168.79.158
388,Tablet,Android,192.168.151.134
389,Tablet,Windows,192.168.147.67
390,Mobile,Windows,192.168.76.220
391,Mobile,iOS,192.168.234.211
392,Web,Android,192.168.134.203
393,Web,iOS,192.168.118.98
394,Mobile,Windows,192.168.156.61
395,Web,Linux,192.168.213.254
396,Tablet,Android,192.168.166.60
397,Mobile,Android,192.168.3.188
398,Mobile,Windows,192.168.184.44
399,Mobile,Linux,192.168.88.169
400,Web,Android,192.168.147.245
401,Web,Windows,192.168.20.236
402,Web,Windows,192.168.129.145
403,Mobile,Linux,192.168.84.232
404,Mobile,iOS,192.168.212.9
405,Tablet,Windows,192.168.86.212
406,Tablet,iOS,192.168.218.114
407,Web,Windows,192.168.121.105
408,Tablet,iOS,192.168.74.119
409,Web,Windows,192.168.35.218
410,Mobile,iOS,192.168.53.225
411,Mobile,iOS,192.168.122.48
412,Web,iOS,192.168.70.202
413,Mobile,Android,192.168.254.225
414,Mobile,Linux,192.168.140.39
415,Tablet,iOS,192.168.228.231
416,Web,iOS,192.168.241.111
417,Tablet,Android,192.168.31.229
418,Web,Windows,192.168.4.95
419,Tablet,Linux,192.168.95.219
420,Tablet,Android,192.168.193.87
421,Web,Windows,192.168.223.224
422,Web,Android,192.168.104.89
423,Mobile,iOS,192.168.191.130
424,Web,Windows,192.168.164.80
425,Web,Linux,192.168.93.225
426,Mobile,Android,192.168.148.69
427,Web,iOS,192.168.23.50
428,Web,Linux,192.168.105.156
429,Web,iOS,192.168.114.6
430,Tablet,Linux,192.168.241.77
431,Tablet,Windows,192.168.147.164
432,Mobile,iOS,192.168.95.82
433,Tablet,iOS,192.168.16.41
434,Tablet,Linux,192.168.92.196
435,Tablet,iOS,192.168.52.200
436,Web,Android,192.168.152.194
437,Mobile,Linux,192.168.117.159
438,Mobile,iOS,192.168.234.216
439,Tablet,Android,192.168.67.104
440,Web,Linux,192.168.20.213
441,Mobile,iOS,192.168.208.47
442,Tablet,Linux,192.168.84.112
443,Tablet,Android,192.168.107.249
444,Web,iOS,192.168.92.165
445,Tablet,iOS,192.168.82.153
446,Web,Linux,192.168.65.5
447,Tablet,Android,192.168.235.28
448,Tablet,Android,192.168.181.2
449,Mobile,Windows,192.168.235.254
450,Web,Linux,192.168.38.182
451,Web,Android,192.168.244.228
452,Tablet,Android,192.168.142.130
453,Tablet,Android,192.168.81.52
454,Web,Linux,192.168.167.70
455,Mobile,Linux,192.168.212.9
456,Web,Android,192.168.193.163
457,Mobile,iOS,192.168.227.91
458,Mobile,Android,192.168.249.87
459,Tablet,Linux,192.168.183.62
460,Tablet,Linux,192.168.105.124
461,Mobile,iOS,192.168.189.101
462,Web,iOS,192.168.144.151
463,Web,Windows,192.168.102.40
464,Web,iOS,192.168.153.176
465,Mobile,Linux,192.168.223.70
466,Tablet,Android,192.168.159.193
467,Web,Windows,192.168.48.112
468,Mobile,Linux,192.168.43.228
469,Web,Android,192.168.240.220
470,Mobile,iOS,192.168.138.229
471,Mobile,Android,192.168.127.111
472,Tablet,Windows,192.168.115.102
473,Mobile,Linux,192.168.151.183
474,Web,iOS,192.168.202.87
475,Web,Windows,192.168.142.211
476,Web,Android,192.168.106.15
477,Web,iOS,192.168.160.32
478,Web,Android,192.168.84.161
479,Tablet,Windows,192.168.97.221
480,Web,iOS,192.168.170.138
481,Tablet,Android,192.168.9.170
482,Tablet,Linux,192.168.73.2
483,Tablet,Windows,192.168.236.9
484,Mobile,Windows,192.168.52.42
485,Mobile,Windows,192.168.11.218
486,Web,Windows,192.168.120.139
487,Web,iOS,192.168.129.154
488,Web,Android,192.168.229.83
489,Tablet,iOS,192.168.200.84
490,Tablet,iOS,192.168.176.102
491,Tablet,Android,192.168.34.180
492,Web,iOS,192.168.66.218
493,Web,Linux,192.168.211.104
494,Web,Linux,192.168.183.65
495,Web,iOS,192.168.15.90
496,Mobile,iOS,192.168.116.22
497,Tablet,iOS,192.168.7.123
498,Mobile,Windows,192.168.109.245
499,Web,Linux,192.168.189.100
500,Web,Windows,192.168.155.134
501,Web,Android,192.168.80.168
502,Mobile,Android,192.168.65.52
503,Web,Windows,192.168.42.237
504,Web,iOS,192.168.60.239
505,Web,Android,192.168.21.188
506,Mobile,Android,192.168.250.239
507,Web,Windows,192.168.226.179
508,Mobile,iOS,192.168.180.212
509,Mobile,Android,192.168.72.18
510,Web,Windows,192.168.247.9
511,Web,Android,192.168.203.18
512,Mobile,Android,192.168.179.171
513,Web,iOS,192.168.43.157
514,Tablet,Android,192.168.148.212
515,Web,Windows,192.168.204.70
516,Web,Windows,192.168.95.243
517,Tablet,Windows,192.168.84.8
518,Mobile,Android,192.168.163.249
519,Web,iOS,192.168.244.15
520,Mobile,iOS,192.168.234.80
521,Mobile,Android,192.168.105.178
522,Mobile,iOS,192.168.63.51
523,Web,Android,192.168.174.220
524,Mobile,iOS,192.168.53.201
525,Tablet,Windows,192.168.15.6
526,Web,Windows,192.168.186.2
527,Web,iOS,192.168.37.172
528,Tablet,iOS,192.168.162.192
529,Web,Android,192.168.94.11
530,Mobile,Android,192.168.134.237
531,Tablet,Linux,192.168.224.188
532,Web,Linux,192.168.211.126
533,Mobile,Windows,192.168.84.166
534,Mobile,Windows,192.168.248.249
535,Mobile,Linux,192.168.65.29
536,Mobile,Android,192.168.129.175
537,Tablet,Windows,192.168.239.46
538,Web,iOS,192.168.60.144
539,Mobile,Windows,192.168.56.98
540,Web,Android,192.168.4.89
541,Web,Linux,192.168.253.57
542,Web,iOS,192.168.249.71
543,Web,Android,192.168.192.247
544,Tablet,Windows,192.168.215.34
545,Tablet,Android,192.168.252.73
546,Tablet,Android,192.168.192.73
547,Tablet,iOS,192.168.134.118
548,Tablet,iOS,192.168.189.50
549,Web,Android,192.168.72.247
550,Web,Android,192.168.118.186
551,Mobile,Android,192.168.3.34
552,Tablet,Windows,192.168.154.201
553,Web,iOS,192.168.250.70
554,Mobile,Android,192.168.157.113
555,Web,Linux,192.168.170.189
556,Mobile,Linux,192.168.99.13
557,Tablet,iOS,192.168.60.6
558,Tablet,Linux,192.168.31.52
559,Mobile,Windows,192.168.151.252
560,Tablet,Android,192.168.139.62
561,Web,iOS,192.168.160.231
562,Mobile,Linux,192.168.208.54
563,Mobile,Windows,192.168.189.172
564,Tablet,Windows,192.168.216.11
565,Tablet,Linux,192.168.248.227
566,Mobile,Windows,192.168.189.167
567,Web,Linux,192.168.182.18
568,Mobile,Windows,192.168.29.9
569,Mobile,iOS,192.168.244.246
570,Tablet,Windows,192.168.166.2
571,Web,Android,192.168.50.111
572,Web,Android,192.168.21.107
573,Web,Windows,192.168.159.98
574,Mobile,Android,192.168.140.110
575,Tablet,Windows,192.168.77.200
576,Web,Linux,192.168.246.192
577,Tablet,Android,192.168.14.66
578,Tablet,Android,192.168.22.216
579,Web,Linux,192.168.70.167
580,Web,Windows,192.168.234.202
581,Mobile,Windows,192.168.254.197
582,Tablet,Linux,192.168.10.193
583,Web,iOS,192.168.91.107
584,Tablet,Windows,192.168.226.89
585,Mobile,Android,192.168.159.150
586,Tablet,Linux,192.168.46.245
587,Mobile,Linux,192.168.60.181
588,Web,Android,192.168.74.221
589,Mobile,Android,192.168.234.228
590,Web,Linux,192.168.129.72
591,Web,iOS,192.168.153.160
592,Mobile,Windows,192.168.34.89
593,Web,Android,192.168.167.205
594,Tablet,Windows,192.168.190.91
595,Tablet,Android,192.168.0.188
596,Mobile,Windows,192.168.158.179
597,Mobile,Windows,192.168.168.123
598,Web,Linux,192.168.57.44
599,Tablet,Android,192.168.116.115
600,Mobile,Android,192.168.106.112
601,Tablet,Linux,192.168.223.42
602,Mobile,Android,192.168.74.235
603,Web,iOS,192.168.99.214
604,Web,iOS,192.168.245.20
605,Web,Windows,192.168.247.5
606,Mobile,Android,192.168.9.57
607,Tablet,Windows,192.168.198.58
608,Web,Android,192.168.40.64
609,Tablet,Linux,192.168.218.11
610,Mobile,iOS,192.168.228.240
611,Web,Linux,192.168.228.101
612,Web,iOS,192.168.140.8
613,Tablet,Android,192.168.45.64
614,Web,Android,192.168.64.147
615,Tablet,Android,192.168.84.138
616,Mobile,Android,192.168.52.242
617,Tablet,Android,192.168.126.248
618,Mobile,iOS,192.168.56.15
619,Tablet,Windows,192.168.79.97
620,Tablet,Windows,192.168.200.234
621,Web,iOS,192.168.119.200
622,Tablet,Linux,192.168.159.243
623,Tablet,Android,192.168.31.244
624,Web,Windows,192.168.109.56
625,Mobile,Android,192.168.46.125
626,Web,iOS,192.168.197.157
627,Mobile,iOS,192.168.66.36
628,Mobile,Android,192.168.124.218
629,Tablet,iOS,192.168.103.74
630,Tablet,Android,192.168.122.111
631,Tablet,Linux,192.168.103.109
632,Tablet,Windows,192.168.45.116
633,Tablet,Linux,192.168.233.1
634,Web,Linux,192.168.141.16
635,Mobile,Android,192.168.205.122
636,Mobile,Android,192.168.98.91
637,Web,Android,192.168.148.59
638,Web,iOS,192.168.230.196
639,Tablet,Linux,192.168.76.28
640,Tablet,Windows,192.168.86.100
641,Tablet,Windows,192.168.90.101
642,Mobile,Android,192.168.227.179
643,Tablet,Android,192.168.216.144
644,Mobile,Windows,192.168.138.2
645,Web,Linux,192.168.225.212
646,Mobile,Windows,192.168.44.241
647,Tablet,Windows,192.168.172.14
648,Web,iOS,192.168.102.13
649,Tablet,Android,192.168.82.240
650,Mobile,Windows,192.168.38.244
651,Web,iOS,192.168.99.161
652,Mobile,Windows,192.168.246.42
653,Tablet,iOS,192.168.164.143
654,Web,iOS,192.168.224.51
655,Mobile,Windows,192.168.97.13
656,Web,Android,192.168.16.5
657,Web,Windows,192.168.114.216
658,Web,Windows,192.168.197.189
659,Tablet,Android,192.168.152.128
660,Mobile,Android,192.168.151.198
661,Web,Windows,192.168.39.192
662,Web,Windows,192.168.75.141
663,Mobile,Windows,192.168.7.130
664,Web,Windows,192.168.209.48
665,Mobile,iOS,192.168.73.1
666,Web,Windows,192.168.3.122
667,Web,Android,192.168.246.244
668,Mobile,Linux,192.168.246.6
669,Web,Linux,192.168.172.155
670,Web,Android,192.168.143.73
671,Mobile,Windows,192.168.40.35
672,Web,Windows,192.168.249.150
673,Web,Linux,192.168.183.223
674,Web,iOS,192.168.157.84
675,Tablet,Android,192.168.227.15
676,Tablet,Android,192.168.250.173
677,Web,Linux,192.168.100.1
678,Web,Android,192.168.83.117
679,Web,Android,192.168.239.45
680,Tablet,iOS,192.168.111.94
681,Web,iOS,192.168.241.220
682,Web,Linux,192.168.212.37
683,Web,Linux,192.168.92.238
684,Mobile,Windows,192.168.179.143
685,Web,Android,192.168.240.109
686,Tablet,iOS,192.168.194.254
687,Mobile,Windows,192.168.218.169
688,Mobile,Android,192.168.225.75
689,Mobile,Linux,192.168.140.78
690,Web,Android,192.168.215.77
691,Web,iOS,192.168.191.159
692,Mobile,Linux,192.168.101.106
693,Tablet,iOS,192.168.112.71
694,Mobile,Android,192.168.119.107
695,Mobile,iOS,192.168.175.27
696,Web,Linux,192.168.70.135
697,Mobile,Linux,192.168.212.198
698,Mobile,iOS,192.168.105.17
699,Web,Linux,192.168.213.102
700,Mobile,Linux,192.168.42.93
701,Tablet,Linux,192.168.74.104
702,Mobile,iOS,192.168.204.154
703,Mobile,iOS,192.168.36.192
704,Mobile,Android,192.168.65.78
705,Web,iOS,192.168.123.159
706,Mobile,Linux,192.168.125.103
707,Tablet,Linux,192.168.163.242
708,Tablet,Linux,192.168.162.190
709,Tablet,iOS,192.168.158.93
710,Tablet,iOS,192.168.3.60
711,Tablet,Android,192.168.1.198
712,Web,Android,192.168.36.127
713,Mobile,Windows,192.168.219.73
714,Tablet,iOS,192.168.127.118
715,Tablet,Windows,192.168.161.149
716,Tablet,Windows,192.168.191.196
717,Mobile,Windows,192.168.22.154
718,Mobile,Android,192.168.247.193
719,Web,Android,192.168.237.197
720,Tablet,Android,192.168.227.50
721,Tablet,Windows,192.168.218.203
722,Mobile,iOS,192.168.197.208
723,Tablet,Windows,192.168.194.174
724,Web,Android,192.168.173.22
725,Tablet,Android,192.168.38.134
726,Web,Android,192.168.162.65
727,Mobile,Android,192.168.211.193
728,Tablet,Linux,192.168.38.174
729,Mobile,Linux,192.168.142.57
730,Mobile,Windows,192.168.224.235
731,Tablet,iOS,192.168.164.218
732,Tablet,iOS,192.168.168.54
733,Tablet,Windows,192.168.42.201
734,Tablet,Windows,192.168.169.203
735,Mobile,Windows,192.168.41.220
736,Mobile,Linux,192.168.239.146
737,Mobile,Android,192.168.119.171
738,Mobile,Linux,192.168.29.31
739,Tablet,Windows,192.168.26.160
740,Tablet,Android,192.168.109.119
741,Tablet,iOS,192.168.205.52
742,Tablet,Windows,192.168.231.61
743,Mobile,iOS,192.168.183.180
744,Tablet,Windows,192.168.231.130
745,Mobile,iOS,192.168.96.41
746,Web,iOS,192.168.154.73
747,Mobile,Linux,192.168.22.150
748,Tablet,Linux,192.168.192.20
749,Mobile,Linux,192.168.70.77
750,Mobile,Windows,192.168.65.221
751,Mobile,iOS,192.168.96.21
752,Web,iOS,192.168.17.161
753,Mobile,iOS,192.168.179.222
754,Mobile,Linux,192.168.189.216
755,Web,iOS,192.168.12.64
756,Mobile,Android,192.168.68.166
757,Mobile,Android,192.168.157.149
758,Mobile,Windows,192.168.61.75
759,Tablet,iOS,192.168.80.155
760,Web,iOS,192.168.145.92
761,Web,Linux,192.168.145.216
762,Tablet,iOS,192.168.179.86
763,Tablet,Windows,192.168.100.73
764,Mobile,Android,192.168.72.5
765,Tablet,Android,192.168.103.140
766,Mobile,Windows,192.168.121.191
767,Tablet,iOS,192.168.249.131
768,Tablet,Windows,192.168.78.34
769,Mobile,Android,192.168.73.252
770,Mobile,Android,192.168.77.116
771,Web,iOS,192.168.70.254
772,Web,Android,192.168.66.155
773,Tablet,Android,192.168.245.30
774,Tablet,iOS,192.168.172.235
775,Mobile,Linux,192.168.141.42
776,Web,Windows,192.168.75.130
777,Mobile,Windows,192.168.216.61
778,Web,Android,192.168.13.27
779,Web,Android,192.168.184.12
780,Web,iOS,192.168.159.65
781,Tablet,Linux,192.168.220.112
782,Mobile,Android,192.168.79.145
783,Mobile,Windows,192.168.51.31
784,Mobile,Android,192.168.0.66
785,Tablet,Windows,192.168.77.136
786,Mobile,Windows,192.168.105.95
787,Web,Linux,192.168.155.10
788,Mobile,iOS,192.168.10.65
789,Web,Linux,192.168.152.232
790,Web,Android,192.168.136.202
791,Tablet,Windows,192.168.142.70
792,Tablet,Linux,192.168.74.203
793,Tablet,Android,192.168.32.172
794,Web,iOS,192.168.94.130
795,Mobile,iOS,192.168.67.30
796,Mobile,iOS,192.168.248.179
797,Mobile,Windows,192.168.5.70
798,Tablet,Windows,192.168.180.194
799,Mobile,iOS,192.168.127.136
800,Web,iOS,192.168.6.53
801,Mobile,Windows,192.168.130.84
802,Web,Android,192.168.235.201
803,Tablet,iOS,192.168.155.195
804,Web,Android,192.168.16.47
805,Web,iOS,192.168.72.252
806,Mobile,Android,192.168.133.19
807,Tablet,Windows,192.168.121.84
808,Mobile,iOS,192.168.53.195
809,Web,Windows,192.168.178.115
810,Web,Windows,192.168.53.63
811,Tablet,Linux,192.168.95.53
812,Mobile,Windows,192.168.83.181
813,Mobile,Windows,192.168.152.222
814,Tablet,Android,192.168.178.150
815,Web,iOS,192.168.184.176
816,Mobile,iOS,192.168.204.96
817,Tablet,Windows,192.168.54.192
818,Web,Linux,192.168.180.201
819,Web,Android,192.168.136.250
820,Mobile,Linux,192.168.18.122
821,Web,iOS,192.168.51.40
822,Tablet,iOS,192.168.89.125
823,Web,Linux,192.168.176.236
824,Tablet,Android,192.168.103.38
825,Mobile,Windows,192.168.146.234
826,Web,iOS,192.168.229.37
827,Mobile,Windows,192.168.169.27
828,Tablet,Linux,192.168.156.42
829,Tablet,Windows,192.168.86.181
830,Web,iOS,192.168.190.231
831,Web,iOS,192.168.137.25
832,Web,Windows,192.168.4.150
833,Tablet,Android,192.168.221.139
834,Web,Windows,192.168.190.163
835,Web,Windows,192.168.187.189
836,Tablet,Linux,192.168.31.78
837,Tablet,Android,192.168.94.43
838,Web,iOS,192.168.151.116
839,Mobile,Android,192.168.184.191
840,Tablet,Linux,192.168.230.173
841,Tablet,iOS,192.168.142.84
842,Tablet,Windows,192.168.78.117
843,Web,Linux,192.168.125.104
844,Tablet,Android,192.168.121.41
845,Mobile,iOS,192.168.224.68
846,Tablet,Windows,192.168.182.162
847,Tablet,iOS,192.168.222.82
848,Mobile,Linux,192.168.196.180
849,Tablet,Linux,192.168.74.62
850,Mobile,Android,192.168.245.83
851,Web,Windows,192.168.247.11
852,Tablet,Linux,192.168.179.214
853,Mobile,iOS,192.168.57.206
854,Mobile,Linux,192.168.120.142
855,Mobile,Windows,192.168.36.171
856,Tablet,Android,192.168.105.126
857,Tablet,Android,192.168.198.62
858,Mobile,Linux,192.168.146.163
859,Web,Android,192.168.91.226
860,Web,Windows,192.168.8.114
861,Tablet,Linux,192.168.146.37
862,Web,Android,192.168.108.224
863,Tablet,Android,192.168.152.98
864,Tablet,Linux,192.168.224.28
865,Tablet,Windows,192.168.38.177
866,Tablet,iOS,192.168.128.159
867,Mobile,Linux,192.168.129.109
868,Tablet,Android,192.168.156.30
869,Tablet,Linux,192.168.114.250
870,Web,Linux,192.168.224.19
871,Mobile,Linux,192.168.123.213
872,Mobile,Android,192.168.150.24
873,Mobile,Linux,192.168.26.42
874,Mobile,Android,192.168.241.65
875,Tablet,Windows,192.168.17.96
876,Mobile,Windows,192.168.83.30
877,Web,Linux,192.168.31.171
878,Mobile,Linux,192.168.27.59
879,Tablet,iOS,192.168.235.249
880,Web,Android,192.168.98.169
881,Tablet,Linux,192.168.103.161
882,Web,Linux,192.168.43.26
883,Tablet,iOS,192.168.251.219
884,Tablet,Android,192.168.200.54
885,Tablet,iOS,192.168.10.1
886,Web,Windows,192.168.227.173
887,Web,Linux,192.168.201.65
888,Mobile,Linux,192.168.227.107
889,Web,Android,192.168.168.223
890,Web,iOS,192.168.205.110
891,Mobile,iOS,192.168.29.193
892,Tablet,Linux,192.168.220.207
893,Tablet,iOS,192.168.182.83
894,Tablet,Windows,192.168.183.117
895,Mobile,Linux,192.168.96.154
896,Web,Android,192.168.109.126
897,Web,iOS,192.168.163.166
898,Mobile,iOS,192.168.233.107
899,Mobile,Windows,192.168.186.158
900,Mobile,Android,192.168.242.179
901,Web,Linux,192.168.251.151
902,Mobile,Android,192.168.48.15
903,Tablet,Windows,192.168.165.106
904,Web,Android,192.168.200.243
905,Mobile,Android,192.168.253.132
906,Tablet,Android,192.168.203.245
907,Mobile,Android,192.168.108.91
908,Mobile,iOS,192.168.197.233
909,Mobile,Android,192.168.190.13
910,Web,Windows,192.168.55.136
911,Web,Linux,192.168.14.194
912,Web,Windows,192.168.43.51
913,Web,Windows,192.168.120.113
914,Web,Android,192.168.58.154
915,Tablet,Windows,192.168.233.90
916,Tablet,Android,192.168.169.217
917,Web,Linux,192.168.97.120
918,Mobile,Windows,192.168.129.49
919,Mobile,Android,192.168.110.155
920,Web,iOS,192.168.141.235
921,Web,Windows,192.168.124.220
922,Tablet,iOS,192.168.177.184
923,Tablet,Linux,192.168.3.115
924,Mobile,Linux,192.168.143.74
925,Tablet,Linux,192.168.216.169
926,Tablet,Windows,192.168.0.21
927,Mobile,Linux,192.168.83.163
928,Mobile,Windows,192.168.36.151
929,Web,iOS,192.168.173.136
930,Web,iOS,192.168.115.176
931,Web,Android,192.168.67.35
932,Tablet,iOS,192.168.82.229
933,Mobile,Windows,192.168.179.162
934,Tablet,Linux,192.168.171.58
935,Mobile,Android,192.168.152.5
936,Tablet,iOS,192.168.221.204
937,Mobile,iOS,192.168.94.161
938,Mobile,Windows,192.168.77.16
939,Web,Linux,192.168.96.152
940,Web,Android,192.168.124.71
941,Web,iOS,192.168.152.122
942,Web,iOS,192.168.188.134
943,Mobile,Windows,192.168.182.238
944,Tablet,iOS,192.168.84.132
945,Mobile,iOS,192.168.92.54
946,Tablet,Linux,192.168.9.101
947,Web,iOS,192.168.9.252
948,Tablet,Android,192.168.187.66
949,Mobile,Linux,192.168.193.140
950,Web,Windows,192.168.26.70
951,Web,Android,192.168.192.162
952,Tablet,Windows,192.168.75.110
953,Tablet,Linux,192.168.29.202
954,Tablet,Windows,192.168.187.5
955,Mobile,Windows,192.168.111.57
956,Tablet,Android,192.168.242.16
957,Tablet,Windows,192.168.117.77
958,Tablet,Linux,192.168.106.203
959,Mobile,Windows,192.168.129.12
960,Tablet,Android,192.168.210.223
961,Tablet,iOS,192.168.73.104
962,Mobile,Windows,192.168.20.14
963,Mobile,iOS,192.168.131.199
964,Mobile,Linux,192.168.33.161
965,Mobile,Android,192.168.89.209
966,Web,Windows,192.168.165.3
967,Tablet,Linux,192.168.116.24
968,Web,Linux,192.168.234.116
969,Mobile,Android,192.168.32.235
970,Mobile,iOS,192.168.200.82
971,Mobile,iOS,192.168.30.9
972,Tablet,iOS,192.168.2.2
973,Tablet,Linux,192.168.4.13
974,Web,Android,192.168.106.63
975,Tablet,Windows,192.168.85.51
976,Mobile,Linux,192.168.87.153
977,Web,Linux,192.168.205.122
978,Web,Android,192.168.173.106
979,Tablet,Linux,192.168.119.137
980,Mobile,iOS,192.168.252.139
981,Mobile,Android,192.168.245.28
982,Tablet,Windows,192.168.138.169
983,Tablet,iOS,192.168.68.156
984,Mobile,Android,192.168.173.129
985,Mobile,Android,192.168.174.241
986,Mobile,iOS,192.168.42.232
987,Web,Windows,192.168.70.14
988,Mobile,Linux,192.168.104.238
989,Tablet,Android,192.168.81.38
990,Tablet,iOS,192.168.254.184
991,Mobile,iOS,192.168.106.120
992,Mobile,Android,192.168.48.183
993,Web,iOS,192.168.154.67
994,Mobile,Windows,192.168.205.75
995,Mobile,iOS,192.168.241.249
996,Tablet,iOS,192.168.111.201
997,Web,Windows,192.168.114.139
998,Tablet,Linux,192.168.22.157
999,Tablet,Linux,192.168.138.87
1000,Tablet,Windows,192.168.91.104
